{
    "accuracy": 0.6426073747480019,
    "balanced_accuracy": 0.6073837910936719,
    "f1_score": 0.08272492272582879,
    "sensitivity": 0.5396261568095694,
    "specificity": 0.6464464763003697
}