{
    "accuracy": 0.6719311404399704,
    "balanced_accuracy": 0.6377920128668466,
    "f1_score": 0.07847461692715017,
    "sensitivity": 0.5576168634228694,
    "specificity": 0.6806320106019107
}